{
  "execPath": "C:/Users/Familia Simon/.platformio/packages/toolchain-gccarmnoneeabi@1.70201.0/bin/arm-none-eabi-g++.exe",
  "gccDefaultCFlags": "-fsyntax-only -std=gnu11 -std=gnu11 -Os -mcpu=cortex-m3 -mthumb -fsigned-char -fno-move-loop-invariants -fno-strict-aliasing --specs=nano.specs --specs=nosys.specs -MP -fmax-errors=5 -g -fmerge-all-constants -mcpu=cortex-m3 -mthumb -ffunction-sections -fdata-sections -nostdlib -march=armv7-m --param max-inline-insns-single=500 -Wall -Os -DPLATFORMIO=40304 -DSTM32F103xE -DSTM32F1 -DTARGET_STM32F1 -D__MARLIN_FIRMWARE__ -DHAVE_SW_SERIAL -DMCU_STM32F103VE -DSS_TIMER=4 -DARDUINO=10808 -DARDUINO_ARCH_STM32 -DARDUINO_ARCH_STM32F1 -DARDUINO_GENERIC_STM32F103V -DMCU_STM32F103VE -D__STM32F1__ -DBOARD_generic_stm32f103v -DF_CPU=72000000L -DVECT_TAB_ADDR=0x8000000 -DERROR_LED_PORT=GPIOE -DERROR_LED_PIN=6 -DCONFIG_MAPLE_MINI_NO_DISABLE_DEBUG=1 -DSERIAL_USB -DGENERIC_BOOTLOADER",
  "gccDefaultCppFlags": "-fsyntax-only -std=gnu++14 -fno-rtti -fno-exceptions -Os -mcpu=cortex-m3 -mthumb -fsigned-char -fno-move-loop-invariants -fno-strict-aliasing --specs=nano.specs --specs=nosys.specs -MP -fmax-errors=5 -g -fmerge-all-constants -mcpu=cortex-m3 -mthumb -ffunction-sections -fdata-sections -nostdlib -march=armv7-m --param max-inline-insns-single=500 -Wall -Os -DPLATFORMIO=40304 -DSTM32F103xE -DSTM32F1 -DTARGET_STM32F1 -D__MARLIN_FIRMWARE__ -DHAVE_SW_SERIAL -DMCU_STM32F103VE -DSS_TIMER=4 -DARDUINO=10808 -DARDUINO_ARCH_STM32 -DARDUINO_ARCH_STM32F1 -DARDUINO_GENERIC_STM32F103V -DMCU_STM32F103VE -D__STM32F1__ -DBOARD_generic_stm32f103v -DF_CPU=72000000L -DVECT_TAB_ADDR=0x8000000 -DERROR_LED_PORT=GPIOE -DERROR_LED_PIN=6 -DCONFIG_MAPLE_MINI_NO_DISABLE_DEBUG=1 -DSERIAL_USB -DGENERIC_BOOTLOADER",
  "gccErrorLimit": 15,
  "gccIncludePaths": "C:/Users/Familia Simon/Desktop/Marlin-bugfix-2.0.x ELF 2054/Marlin,C:/Users/Familia Simon/.platformio/packages/framework-arduinoststm32-maple/STM32F1/libraries/Servo/src,C:/Users/Familia Simon/.platformio/packages/framework-arduinoststm32-maple/STM32F1/libraries/FreeRTOS701,C:/Users/Familia Simon/.platformio/packages/framework-arduinoststm32-maple/STM32F1/libraries/FreeRTOS701/utility,C:/Users/Familia Simon/.platformio/packages/framework-arduinoststm32-maple/STM32F1/libraries/USBComposite,C:/Users/Familia Simon/.platformio/packages/framework-arduinoststm32-maple/STM32F1/libraries/EEPROM,C:/Users/Familia Simon/.platformio/packages/framework-arduinoststm32-maple/STM32F1/libraries/STM32ADC/src,C:/Users/Familia Simon/Desktop/Marlin-bugfix-2.0.x ELF 2054/.pio/libdeps/mks_robin_nano35/MKS-LittlevGL,C:/Users/Familia Simon/Desktop/Marlin-bugfix-2.0.x ELF 2054/.pio/libdeps/mks_robin_nano35/MKS-LittlevGL/src,C:/Users/Familia Simon/Desktop/Marlin-bugfix-2.0.x ELF 2054/.pio/libdeps/mks_robin_nano35/SailfishLCD,C:/Users/Familia Simon/Desktop/Marlin-bugfix-2.0.x ELF 2054/.pio/libdeps/mks_robin_nano35/LiquidTWI2,C:/Users/Familia Simon/Desktop/Marlin-bugfix-2.0.x ELF 2054/.pio/libdeps/mks_robin_nano35/SlowSoftI2CMaster,C:/Users/Familia Simon/Desktop/Marlin-bugfix-2.0.x ELF 2054/.pio/libdeps/mks_robin_nano35/Arduino-L6470/src,C:/Users/Familia Simon/Desktop/Marlin-bugfix-2.0.x ELF 2054/.pio/libdeps/mks_robin_nano35/U8glib-HAL_ID1932/src,C:/Users/Familia Simon/Desktop/Marlin-bugfix-2.0.x ELF 2054/.pio/libdeps/mks_robin_nano35/Adafruit MAX31865 library,C:/Users/Familia Simon/Desktop/Marlin-bugfix-2.0.x ELF 2054/.pio/libdeps/mks_robin_nano35/TMCStepper/src,C:/Users/Familia Simon/Desktop/Marlin-bugfix-2.0.x ELF 2054/.pio/libdeps/mks_robin_nano35/SoftwareSerialM,C:/Users/Familia Simon/Desktop/Marlin-bugfix-2.0.x ELF 2054/.pio/libdeps/mks_robin_nano35/LiquidCrystal,C:/Users/Familia Simon/.platformio/packages/framework-arduinoststm32-maple/STM32F1/libraries/Wire,C:/Users/Familia Simon/.platformio/packages/framework-arduinoststm32-maple/STM32F1/libraries/Wire/utility,C:/Users/Familia Simon/Desktop/Marlin-bugfix-2.0.x ELF 2054/Marlin/src/HAL/STM32F1,C:/Users/Familia Simon/.platformio/packages/framework-arduinoststm32-maple/STM32F1/cores/maple,C:/Users/Familia Simon/.platformio/packages/framework-arduinoststm32-maple/STM32F1/system/libmaple,C:/Users/Familia Simon/.platformio/packages/framework-arduinoststm32-maple/STM32F1/system/libmaple/include,C:/Users/Familia Simon/.platformio/packages/framework-arduinoststm32-maple/STM32F1/system/libmaple/stm32f1/include,C:/Users/Familia Simon/.platformio/packages/framework-arduinoststm32-maple/STM32F1/system/libmaple/usb/stm32f1,C:/Users/Familia Simon/.platformio/packages/framework-arduinoststm32-maple/STM32F1/system/libmaple/usb/usb_lib,C:/Users/Familia Simon/.platformio/packages/framework-arduinoststm32-maple/STM32F1/variants/generic_stm32f103v,C:/Users/Familia Simon/.platformio/packages/framework-arduinoststm32-maple/STM32F1/libraries/A_STM32_Examples,C:/Users/Familia Simon/.platformio/packages/framework-arduinoststm32-maple/STM32F1/libraries/Adafruit_GFX_AS,C:/Users/Familia Simon/.platformio/packages/framework-arduinoststm32-maple/STM32F1/libraries/Adafruit_ILI9341,C:/Users/Familia Simon/.platformio/packages/framework-arduinoststm32-maple/STM32F1/libraries/Adafruit_ILI9341_STM,C:/Users/Familia Simon/.platformio/packages/framework-arduinoststm32-maple/STM32F1/libraries/Adafruit_SSD1306,C:/Users/Familia Simon/.platformio/packages/framework-arduinoststm32-maple/STM32F1/libraries/Ethernet_STM/src,C:/Users/Familia Simon/.platformio/packages/framework-arduinoststm32-maple/STM32F1/libraries/FreeRTOS821,C:/Users/Familia Simon/.platformio/packages/framework-arduinoststm32-maple/STM32F1/libraries/FreeRTOS821/utility,C:/Users/Familia Simon/.platformio/packages/framework-arduinoststm32-maple/STM32F1/libraries/FreeRTOS900,C:/Users/Familia Simon/.platformio/packages/framework-arduinoststm32-maple/STM32F1/libraries/Lcd7920_STM,C:/Users/Familia Simon/.platformio/packages/framework-arduinoststm32-maple/STM32F1/libraries/LiquidCrystal,C:/Users/Familia Simon/.platformio/packages/framework-arduinoststm32-maple/STM32F1/libraries/MapleCoOS,C:/Users/Familia Simon/.platformio/packages/framework-arduinoststm32-maple/STM32F1/libraries/MapleCoOS/utility,C:/Users/Familia Simon/.platformio/packages/framework-arduinoststm32-maple/STM32F1/libraries/MapleCoOS116,C:/Users/Familia Simon/.platformio/packages/framework-arduinoststm32-maple/STM32F1/libraries/MapleCoOS116/utility,C:/Users/Familia Simon/.platformio/packages/framework-arduinoststm32-maple/STM32F1/libraries/OLED_I2C,C:/Users/Familia Simon/.platformio/packages/framework-arduinoststm32-maple/STM32F1/libraries/OneWireSTM/src,C:/Users/Familia Simon/.platformio/packages/framework-arduinoststm32-maple/STM32F1/libraries/RTClock/src,C:/Users/Familia Simon/.platformio/packages/framework-arduinoststm32-maple/STM32F1/libraries/SDIO,C:/Users/Familia Simon/.platformio/packages/framework-arduinoststm32-maple/STM32F1/libraries/Serasidis_EtherCard_STM/src,C:/Users/Familia Simon/.platformio/packages/framework-arduinoststm32-maple/STM32F1/libraries/Serasidis_VS1003B_STM/src,C:/Users/Familia Simon/.platformio/packages/framework-arduinoststm32-maple/STM32F1/libraries/Serasidis_XPT2046_touch/src,C:/Users/Familia Simon/.platformio/packages/framework-arduinoststm32-maple/STM32F1/libraries/Touch-Screen-Library_STM,C:/Users/Familia Simon/.platformio/packages/framework-arduinoststm32-maple/STM32F1/libraries/WS2812B/src,C:/Users/Familia Simon/.platformio/packages/framework-arduinoststm32-maple/STM32F1/libraries/WireSlave/src,C:/Users/Familia Simon/.platformio/packages/framework-arduinoststm32-maple/STM32F1/libraries/stm_fft,C:/Users/Familia Simon/.platformio/packages/toolchain-gccarmnoneeabi@1.70201.0/arm-none-eabi/include/c++/7.2.1,C:/Users/Familia Simon/.platformio/packages/toolchain-gccarmnoneeabi@1.70201.0/arm-none-eabi/include/c++/7.2.1/arm-none-eabi,C:/Users/Familia Simon/.platformio/packages/toolchain-gccarmnoneeabi@1.70201.0/lib/gcc/arm-none-eabi/7.2.1/include,C:/Users/Familia Simon/.platformio/packages/toolchain-gccarmnoneeabi@1.70201.0/lib/gcc/arm-none-eabi/7.2.1/include-fixed,C:/Users/Familia Simon/.platformio/packages/toolchain-gccarmnoneeabi@1.70201.0/arm-none-eabi/include,C:/Users/Familia Simon/.platformio/packages/tool-unity",
  "gccSuppressWarnings": false
}
